No.,CAS,SMILES,pLD50
133,25462-52-6,CCC(CC)C(C)(CO)CO,2.76
355,63473-99-4,C1CCC(CC1)NCC(COC2CCCCC2)O,3.58
32,82058-27-3,CC(C)(C)NC(=O)N1C(C2C(NC(C(C1C3=CC=CC=C3)C2=O)C4=CC=CC=C4)C5=CC=CC=C5)C6=CC=CC=C6,2.26
85,25385-14-2,CC(COC(=O)N)(COC(=O)NCC#C)C1=CC=CC=C1,2.49
298,101975-87-5,CC(C)N1CCN(CC1)CC23CC4CC(C2)CC(C4)C3,3.38
272,29122-68-7,CC(C)NCC(COC1=CC=C(C=C1)CC(=O)N)O,3.3
230,1242-71-3,CC(CN(C)C)N1C(=O)CN=C(C2=C1C=CC(=C2)Cl)C3=CC=CC=C3,3.14
420,64049-68-9,CCCCCCCC[N+](C)(C)CCOCC[N+](C)(C)CCCCCCCC,4.14
303,1755-83-5,CN1CCN(CC1)CCN2C(=O)CN=C(C3=C2C=CC(=C3)Cl)C4=CC=CC=C4F,3.4
212,66443-63-8,C[Si](C)(CCCN)C1=CC=CO1,3.03
166,25451-74-5,CC(C)C(C)(COC(=O)N)COC(=O)NC1=CC=CC=C1,2.85
6,51081-38-0,CC(C)OP1(=O)CC=CC1,1.83
46,82058-39-7,CCNC(=O)N1C(C2C(NC(C(C1C3=CC=C(C=C3)OC)C2=O)C4=CC=C(C=C4)OC)C5=CC=C(C=C5)OC)C6=CC=C(C=C6)OC,2.33
359,71-81-8,CC(C)[N+](C)(CCC(C1=CC=CC=C1)(C2=CC=CC=C2)C(=O)N)C(C)C,3.6
263,54522-03-1,CCC(=O)OC1(CC(N(CC1C)CCCN2CCOCC2)C)C3=CC=CC=C3,3.24
375,1057-13-2,C1CN(CCN1)CCCN2C(=O)CN=C(C3=C2C=CC(=C3)Cl)C4=CC=CC=C4F,3.65
384,1050-04-0,COC1=C(C=C(C=C1)CCN2CCN(CC2)C3=CC=C(C=C3)Cl)OC,3.68
17,22645-38-1,CCCC1(COC(OC1)C)COC,2.2
402,63446-14-0,CC[N+](C)(C)CCCCCC1=CC=CO1,3.8
132,25462-50-4,CC(C)CCC(C)(CO)CO,2.76
311,4130-75-0,CCN(CC)CCCN1C(=O)CN=C(C2=C1C=CC(=C2)Cl)C3=CC=CC=C3F,3.42
4,25480-66-4,CCC(COC(=O)N)COC(=O)N,1.77
19,22644-70-8,CCCOC(C)C1(COC(OC1)C(C)C)CC=C,2.2
138,25451-67-6,CCC(CC)(CO)COC(=O)NC1=CC=CC=C1,2.78
61,68524-15-2,CCOC1=CC=C(C=C1)C2(C(=O)NC(=O)N2)C,2.37
211,66443-70-7,C[Si](C)(CCCN)C1=CC=CS1,3.03
118,25462-17-3,CCCC(C)(CO)COC(=O)NC(C)C,2.71
64,59209-60-8,CCCNC1(C(=O)C2=CC=CC=C2C1=O)CC,2.39
111,1672-86-2,CCCC(C)(COC(=O)NC(=O)C)COC(=O)NC(=O)C,2.69
276,58-40-2,CN(C)CCCN1C2=CC=CC=C2SC3=CC=CC=C31,3.31
205,78593-71-2,CC1=CC=C(C=C1)NC2=C(C=CC(=N2)C)C(=O)NC,3.0
30,22644-53-7,CC(C)C1OCC(CO1)(COC)C(C)C,2.26
302,42973-01-3,CCN(CC)CCNC(=O)C(C)(C)OC1=CC=C(C=C1)Cl,3.4
209,2032-54-4,C1CN(CCN1CCOC2=CC=C(C=C2)Cl)C3=CC=CC=N3,3.03
353,72805-98-2,CC(C)NCC(COC1CCCCC1)O,3.57
27,82058-33-1,CCNC(=S)N1C(C2C(NC(C(C1C3=CC=CC=C3)C2=O)C4=CC=CC=C4)C5=CC=CC=C5)C6=CC=CC=C6,2.25
8,1690-72-8,CN1CCCC(C1)C(=O)OC,1.9
142,63445-63-6,CC1CC(=O)C(CN1CC#CC2=CC=CC=C2)C,2.79
395,1049-78-1,COC1=C(C=C(C=C1)CCN2CCN(CC2)C3=CC=CC=C3Br)OC,3.73
109,33673-01-7,CCC(C)C(CO)CO,2.67
102,25480-65-3,CCCCSC1=CC=C(C=C1)C(CC)(CO)CO,2.64
432,102280-70-6,CC1(OCC(O1)C[N+]2(CCCC2)C)CCC3OCC(O3)C[N+]4(CCCC4)C,4.96
406,77246-53-8,CCOC(CN1CCN(CC1)C2=CC=CC=C2OC)C3=CC=CC=N3,3.9
119,25462-27-5,CC(C)CCC(CO)CO,2.72
115,25462-40-2,CC(CC#C)(COC(=O)N)COC(=O)N,2.71
385,82380-44-7,CC1=CC=C(C=C1)C2(C3CC[N+](C2=C)(CC3)C)O,3.68
421,41040-78-2,CC1(OCC(O1)C[N+]2(CCCC2)C)CCC(=O)OCC[N+]3(CCCC3)C,4.15
322,67982-28-9,CCC(C)NCC(COC1=C2C=NSC2=CC=C1)O,3.46
332,58-38-8,CN1CCN(CC1)CCCN2C3=CC=CC=C3SC4=C2C=C(C=C4)Cl,3.49
312,1240-79-5,COC1=C(C(=CC=C1)OC)CCN2CCN(CC2)C3=CC=CC=N3,3.43
428,357-70-0,CN1CCC23C=CC(CC2OC4=C(C=CC(=C34)C1)OC)O,4.46
387,67982-19-8,CC(C)NCC(COC1=C2C=NSC2=CC=C1)O,3.69
319,41040-76-0,CC1(OCC(O1)C[N+](C)(C)C)CCC(=O)OCC[N+](C)(C)C,3.45
219,25384-92-3,CCCC(C)(COC(=O)N)COC(=O)NC1=CN=CC=C1,3.07
339,10140-06-4,CC(C)(C)C1=CC=CC=C1C(C2=CC=CC=C2)OCC3CN(CCN3C)C,3.52
185,78593-79-0,CCCCNC(=O)C1=C(N=C(C=C1)C)NC2=CC=C(C=C2)C,2.91
110,78050-79-0,CC1C(=O)C2=C(C1=O)N(C3=C(C2C4=CC(=C(C(=C4)OC)OC)OC)C(=O)CC(C3)(C)C)CC(=O)O,2.68
197,101952-52-7,CCNC(=O)C1=C(N=C(C=C1)C)NC2=CC=C(C=C2)C,2.95
146,25480-64-2,CCC(CC)C(CC)(CO)CO,2.79
200,92-13-7,CCC1C(COC1=O)CC2=CN=CN2C,2.98
328,82380-38-9,C[N+]12CCC(CC1)C(C2=C)(C3=CC=CC=C3)O,3.48
173,25652-09-9,CC(C)C(C(C)COC(=O)NCOC)OC(=O)NCOC,2.86
84,25384-88-7,CCCC(C)(CNC(=O)O)COC(=O)NCCC(C)C,2.49
256,68450-77-1,C1CCC(CC1)C2(OCC(CO2)N3CCCCC3)C4=CC=CC=C4,3.21
335,55-16-3,CN1C2CC(CC1C3C2O3)OC(=O)C(CO)C4=CC=CC=C4,3.51
75,68524-21-0,CC(C)CCOC1=CC=C(C=C1)C2(C(=O)NC(=O)N2)C,2.44
210,40405-70-7,CCCCCCOC1=CC=C(C=C1)C2=CN(C=N2)CCCC,3.03
158,40405-68-3,CCCCN1C=C(N=C1)C2=CC=C(C=C2)OCCC(C)C,2.83
120,25462-28-6,CCC(CC)C(CO)CO,2.72
326,82380-46-9,CC1=C(C=C(C=C1)C2(C3CC[N+](C2=C)(CC3)C)O)C,3.48
266,64049-67-8,CC[N+](C)(C)CCOCC[N+](C)(C)CC,3.25
410,63519-98-2,C1CCC(CC1)NCC(COCC2=CC=CC=C2)O,3.93
245,64140-52-9,CC1CC2=CC=CC=C2N1C(=O)CN3CCCCC3,3.19
341,1049-79-2,CC1=CC=CC=C1N2CCN(CC2)CCC3=CC(=C(C=C3)OC)OC,3.53
193,51071-57-9,C1=CC=C(C=C1)NC(=O)C2=C(N=CC=C2)N,2.93
177,25648-99-1,CCCC(C)(CN(CCC)C(=O)O)COC(=O)N(CC)CC,2.88
334,101975-86-4,CC(C)CCN1CCN(CC1)CC23CC4CC(C2)CC(C4)C3,3.51
235,10140-08-6,CCC1=C(C(=CC=C1)CC)C(C2=C(C=CC=C2CC)CC)OCCOCCN3CCN(CC3)C,3.16
37,82058-37-5,CC12C(NC(C(C1=O)C(N(C2C3=CC=CC=C3)C(=S)NCC=C)C4=CC=CC=C4)C5=CC=CC=C5)C6=CC=CC=C6,2.27
140,78593-72-3,CC1=NC(=C(C=C1)C(=O)NC)NC2=CC=C(C=C2)OC,2.79
318,58013-10-8,COC(CN1CCN(CC1)C2=CC=CC=C2Cl)C3=CN=CC=C3,3.45
223,51071-59-1,COC1=CC=C(C=C1)NC(=O)C2=C(N=CC=C2)N,3.09
291,1050-03-9,CC1=CC=C(C=C1)N2CCN(CC2)CCC3=CC(=C(C=C3)OC)OC,3.36
238,66170-04-5,COC1=C(C=C(C=C1)C(C2=NC=CC3=CC(=C(C=C32)OC)OC)C(=O)C(Cl)(Cl)Cl)OC,3.17
60,22645-32-5,CCCCCCC1COC(OC1)C,2.37
112,25451-75-6,CCCCC(C)(COC(=O)N)COC(=O)NC1=CC=CC=C1,2.7
194,25642-70-0,CCCNC(=O)OCC(COC(=O)N)(C1=CC=CC=C1)C2=CC=CC=C2,2.93
371,58013-15-3,COC1=CC=CC=C1N2CCN(CC2)CCC3=CN=CC=C3,3.64
7,16360-46-6,CCCOP1(=O)CCC=C1,1.86
407,1245-59-6,COC1=C(C=C(C=C1)CCN2CCN(CC2)C3=C(C=CC(=C3)Cl)Cl)OC,3.9
300,1248-54-0,CCOC1=CC=CC=C1N2CCN(CC2)CCC3=CC(=C(C=C3)OC)OC,3.39
159,63445-67-0,CC1C(N(CCC1=O)CC#CC2=CC=CC=C2)C3=CC=CC=C3,2.83
151,25385-11-9,CC(C)CC(C)(CNC(=O)O)COC(=O)NCC#C,2.81
178,25649-06-3,CC(C)C(C(C)COC(=O)N(CCCl)CCCl)OC(=O)N(CCCl)CCCl,2.88
11,86343-60-4,CCN(CC)CC(C)C(=O)OC,2.1
232,63152-60-3,CC1=NOC2=C1C(=CC=C2)OCC(CNC(C)(C)C)O,3.15
104,59209-61-9,CCC1(C(=O)C2=CC=CC=C2C1=O)N(C)C(=O)CN(CC)CC,2.66
82,2576-43-4,C[N+](C)(C)CCOCC[N+](C)(C)C,2.49
247,1100-25-0,CN(C)CCCN1C(=O)CN=C(C2=C1C=CC(=C2)Cl)C3=CC=CC=C3,3.19
273,58012-97-8,CC1=CC=CC=C1N2CCN(CC2)CC(C3=CN=CC=C3)O,3.3
168,2109-30-0,CC(CC1=CC=C(C=C1)Cl)(COC(=O)N)COC(=O)N,2.85
408,97238-28-3,CCN(CC)CCOC(=O)C1CC[N+](CC1)(C)C,3.92
249,58013-06-2,COC(CN1CCN(CC1)C2=CC=CC=C2)C3=CN=CC=C3,3.2
389,63957-50-6,CCC[N+](CC)(CC)CCOCC[N+](C)(C)CC,3.69
348,1052-26-2,COC1=CC=C(C=C1)N2CCN(CC2)CCC3=CC(=C(C=C3)OC)OC,3.55
195,25384-42-3,CCCC(C)(CO)COC(=O)N1CCOCC1,2.94
90,25451-32-5,CC(=C)CC(CCOC(=O)N)OC(=O)N,2.54
228,4466-96-0,C[NH+](C)CCCN1C(=O)C[NH+]=C(C2=C1C=CC(=C2)Br)C3=CC=CC=N3,3.14
164,25462-38-8,C1=CC=C(C=C1)CCCC(CO)CO,2.84
358,58013-08-4,COC1=CC=CC=C1N2CCN(CC2)CC(C3=CN=CC=C3)OC,3.6
148,25384-38-7,CCCC(C)(CO)COC(=O)NCC1=CC=CC=C1,2.8
3,25451-10-9,CC(COC(=O)N)COC(=O)N,1.74
93,25384-94-5,CC(C)C(C)(CNC(=O)O)COC(=O)NC,2.57
70,68524-18-5,CCCCOC1=CC=C(C=C1)C2(C(=O)NC(=O)N2)C,2.42
239,64140-56-3,C1CCN(CC1)CCC(=O)N2CCC3=CC=CC=C32,3.17
124,25451-01-8,CCC(CO)(CO)C1=CC=C(C=C1)[N+](=O)[O-],2.73
321,58013-02-8,C1CN(CCN1CC(C2=CN=CC=C2)O)C3=CC=C(C=C3)Cl,3.45
97,25384-36-5,CCCCCNC(=O)OCC(C)(CCC)CO,2.6
144,25450-93-5,CCCCCC(CC)(CO)CO,2.79
330,26281-34-5,COC(=O)C1CCC[NH+]=C(N1)N,3.48
221,58012-98-9,CC1=CC(=CC=C1)N2CCN(CC2)CC(C3=CN=CC=C3)O,3.08
98,4424-32-2,CC1=CC=C(C=C1)C(CO)CO,2.6
391,77246-51-6,CCOC(CN1CCN(CC1)C2=CC=CC=C2OC)C3=CN=CC=C3,3.7
69,25385-16-4,CCC(CC)(COC(=O)N)COC(=O)NCC,2.42
24,82058-25-1,CCNC(=O)N1C(C2C(NC(C(C1C3=CC=CC=C3)C2=O)C4=CC=CC=C4)C5=CC=CC=C5)C6=CC=CC=C6,2.24
38,22644-56-0,CCC1(COC(OC1)C)C(C)OC,2.27
145,25450-96-8,CCC(CCC(C)C)(CO)CO,2.79
123,25451-65-4,CCC(CO)COC(=O)NC1=CC=CC=C1,2.73
251,54-71-7,CC[C@H]1[C@H](COC1=O)CC2=CN=CN2C,3.2
203,78593-78-9,CCCCNC(=O)C1=C(N=C(C=C1)C)NC2=CC=CC=C2,2.98
183,88556-33-6,CC1=C(C(=O)C(=O)O1)C(=NC2=CC=CC=C2)C,2.9
68,68524-17-4,CC(C)OC1=CC=C(C=C1)C2(C(=O)NC(=O)N2)C,2.39
315,1061-06-9,C1CCN(C1)CCN2C(=O)CN=C(C3=C2C=CC(=C3)Cl)C4=CC=CC=C4,3.44
379,74038-02-1,CC1=CC=CC=C1C(C2=CC=CC=C2)OCCN3CCN(CC3)C4=CC=CC=C4.CC1=CC=CC=C1C(C2=CC=CC=C2)OCCN3CCN(CC3)C4=CC=CC=C4.O,3.66
414,63480-91-1,CC[N+](C)(C)CCCCC1=CC=CO1,4.02
305,1064-66-0,C=COCCN1CCN(CC1)CCCN2C(=O)CN=C(C3=C2C=CC(=C3)Cl)C4=CC=CC=C4F,3.4
394,1245-36-9,COC1=C(C=C(C=C1)CCN2CCN(CC2)C3=C(C=C(C=C3)Cl)Cl)OC,3.72
403,1049-81-6,COC1=C(C=C(C=C1)CCN2CCN(CC2)C3=CC=CC=C3O)OC,3.84
404,69-27-2,C[N+]1(CC2=C(C1)C(=C(C(=C2Cl)Cl)Cl)Cl)CC[N+](C)(C)C,3.84
126,25384-32-1,CCCC(C)(CO)COC(=O)NC(C)CC,2.74
147,25648-82-2,CCCC(C)(COC(=O)NCC(=O)OCC)COC(=O)NCC(=O)OCC,2.8
333,63982-27-4,CC[N+](C)(C)CCOC(C)C[N+](C)(C)CC,3.5
262,4084-17-7,CC[NH+](CC)CCCN1C(=O)C[NH2+]C(C2=C1C=CC(=C2)Cl)C3=CC=CC=C3F,3.23
224,1163-36-6,C1CCN(C1)CC2=NC3=CC=CC=C3N2CC4=CC=C(C=C4)Cl,3.1
229,4084-16-6,C[NH+](C)CCCN1C(=O)C[NH2+]C(C2=C1C=CC(=C2)Cl)C3=CC=CC=C3F,3.14
87,59209-63-1,CCC1(C(=O)C2=CC=CC=C2C1=O)N(C)C(=O)CN3CCOCC3,2.53
366,1755-84-6,COC1=CC(=C(C=C1)OC)N2CCN(CC2)CCC3=CC(=C(C=C3)OC)OC,3.63
220,97490-76-1,CCC1=C(C(=CC=C1)CC)NC(=O)C[NH+](CC)CC,3.08
246,54521-99-2,CCC(=O)OC1(CC(N(CC1C)CCCN2CCCC2)C)C3=CC=CC=C3,3.19
374,64049-86-1,CC[N+](C)(CC)CCOCC[N+](CC)(CC)CC,3.65
380,14258-45-8,C1CN(CCN1C2=CC=CC=C2)C(C3=CC=CC=C3)C4=CC=CC=C4,3.67
284,102206-51-9,CCOC(=O)C1=C(NC(=C(C1C)C(=O)OCCN2CCOCC2)C)C,3.33
411,64059-39-8,CCCC[N+](CC)(CC)CCOCC[N+](C)(C)CC,3.93
184,63445-61-4,CC1C(N(CCC1=O)CC#CC2=CC=CC=C2)C,2.9
392,1250-37-9,CC(=O)NC1=CC=CC=C1N2CCN(CC2)CCC3=CC(=C(C=C3)OC)OC,3.71
415,102571-32-4,CC(CCC[N+](C)(C)C)C1=CC=CO1,4.03
405,1245-28-9,COC1=C(C=C(C=C1)CCN2CCN(CC2)C3=CC=CC=C3OC)OC,3.85
308,63951-18-8,CC[N+](C)(C)CCOCC[N+](C)(CC)CC,3.41
130,25462-29-7,CCC(CC)C(COC(=O)N)COC(=O)N,2.74
39,82058-28-4,C1CCC(CC1)NC(=O)N2C(C3C(NC(C(C2C4=CC=CC=C4)C3=O)C5=CC=CC=C5)C6=CC=CC=C6)C7=CC=CC=C7,2.28
12,101997-62-0,CCNC(=O)N1C(CC(=O)C(C1C2=CC=C(C=C2)OC)C)C3=CC=C(C=C3)OC,2.12
295,1051-24-7,CC1=C(C(=CC=C1)C)N2CCN(CC2)CCC3=CC(=C(C=C3)OC)OC,3.37
186,25451-45-0,CC1=CC=C(C=C1)C(COC(=O)N)(COC(=O)N)C2=CC=C(C=C2)C,2.91
350,42973-05-7,CCN(CC)CCNC(=O)COC1=CC=C(C=C1)C2=CC=CC=C2,3.56
278,3332-92-1,CN1CCN(CC1)CCCN2C(=O)CN=C(C3=C2C=CC(=C3)Cl)C4=CC=CC=C4,3.31
113,40405-75-2,CN1C=C(N=C1)C2=CC=C(C=C2)OC,2.7
180,25462-39-9,CC(CC=C)(COC(=O)N)COC(=O)N,2.89
267,58013-00-6,C1CN(CCN1CC(C2=CN=CC=C2)O)C3=CC=CC=C3Cl,3.25
382,1245-35-8,CC1=CC(=C(C=C1)N2CCN(CC2)CCC3=CC(=C(C=C3)OC)OC)C,3.67
412,63977-55-9,CC[N+](C)(C)CCCOCCC[N+](CC)(CC)CC,3.98
285,63474-12-4,C1CCC(CC1)NCC(COC2CCCC2)O,3.34
418,52-86-8,C1CN(CCC1(C2=CC=C(C=C2)Cl)O)CCCC(=O)C3=CC=C(C=C3)F,4.1
313,70752-98-6,CN1CCN(CC1)CCCN2C=CC3=CC=CC=C32,3.43
234,82380-43-6,CC1=CC=C(C=C1)C2(C3CCN(C2=C)CC3)O,3.16
357,25525-87-5,CCOC(=O)C1CCCN=C(N1)N,3.58
165,25451-73-4,CCCC(C)(COC(=O)N)COC(=O)NC1=CC=CC=C1,2.85
137,25451-66-5,CCCC(C)(CO)COC(=O)NC1=CC=CC=C1,2.78
198,25451-09-6,CC1=CC=C(C=C1)C(CO)(CO)C2=CC=C(C=C2)C,2.96
259,58-00-4,CN1CCC2=C3C1CC4=C(C3=CC=C2)C(=C(C=C4)O)O,3.22
233,299-95-6,CC(C)NCC(C1=CC(=C(C=C1)O)O)O,3.15
116,50916-11-5,CCOC1=CC(=CC(=C1OCC)OCC)C(=O)C2CCON2,2.71
121,5356-93-4,C[Si](C)(COC(=O)N)C1=CC=CC=C1,2.72
225,58012-93-4,C1CN(CCN1CC(C2=CN=CC=C2)O)C3=CC=CC=C3,3.11
356,63446-12-8,C[N+](C)(CCCCC1=CC=CO1)CC2=CC=CC=C2,3.58
292,51071-58-0,CC1=CC=C(C=C1)NC(=O)C2=C(N=CC=C2)N,3.36
128,25457-64-1,CCC(COC(=O)N)(COC(=O)NC1=CC=CC=C1)C2=CC=CC=C2,2.74
368,4130-65-8,C1CN(CCN1)CCN2C(=O)CN=C(C3=C2C=CC(=C3)Cl)C4=CC=CC=C4,3.63
108,2819-05-8,CC(C)(C)C(CO)CO,2.67
323,64048-21-1,CCCC[N+](C)(CC)CCOCC[N+](C)(C)C,3.47
134,51071-56-8,C1=CC=C(C=C1)CNC(=O)C2=C(N=CC=C2)N,2.76
317,101975-89-7,CCCCCN1CCN(CC1)CC23CC4CC(C2)CC(C4)C3,3.44
45,82058-38-6,CC12C(NC(C(C1=O)C(N(C2C3=CC=CC=C3)C(=S)NCC4=CC=CC=C4)C5=CC=CC=C5)C6=CC=CC=C6)C7=CC=CC=C7,2.31
400,525-66-6,CC(C)NCC(COC1=CC=CC2=CC=CC=C21)O,3.79
66,25648-89-9,CCC(COC(=O)NC(=O)CC)C(C(C)C)OC(=O)NC(=O)CC,2.39
86,22644-54-8,CC(C)C1OCC(CO1)(C)COC(C)C,2.49
243,3966-84-5,CC[NH+](CC)CCN1C(=O)CN=C(C2=C1C=CC(=C2)Br)C3=CC=CC=N3,3.18
187,25648-67-3,CC(C)C(C(C)COC(=O)NCCCl)OC(=O)NCCCl,2.91
160,25384-41-2,CCCCN(CCCC)C(=O)OCC(C)(CCC)CO,2.84
13,4624-70-8,CC1OCC(CO1)(C(C)C)C(C)OC,2.13
36,82058-31-9,CC12C(NC(C(C1=O)C(N(C2C3=CC=CC=C3)C(=O)NC(C)(C)C)C4=CC=CC=C4)C5=CC=CC=C5)C6=CC=CC=C6,2.27
29,22645-28-9,CCCC1COC(OC1)C,2.26
171,26281-33-4,CC(=O)O.C1CCN=C(NC1)N,2.86
143,25450-97-9,CCC(CC)C(CC)(COC(=O)N)COC(=O)N,2.79
347,1052-21-7,COC1=C(C=C(C=C1)CCN2CCN(CC2)C3=CC(=CC=C3)OC)OC,3.55
297,72806-00-9,C1CCC(C1)NCC(COCC2=CC=CC=C2)O,3.38
222,3717-88-2,CC1=C(OC2=C(C1=O)C=CC=C2C(=O)OCCN3CCCCC3)C4=CC=CC=C4,3.09
96,68524-20-9,CCCCCOC1=CC=C(C=C1)C2(C(=O)NC(=O)N2)C,2.6
52,22927-78-2,CC1(C(=O)NC(=O)N1)C2=CC=C(C=C2)OC,2.34
241,58013-05-1,COC1=CC=CC=C1N2CCN(CC2)CC(C3=CC=NC=C3)O,3.17
325,1040-91-1,COC1=CC=C(C=C1)CCN2CCN(CC2)C3=CC=CC=N3,3.47
423,63722-05-4,C[N+](C)(CCOCC[N+](C)(C)CC1=CC=CC=C1)CC2=CC=CC=C2,4.36
179,25451-77-8,CCCCC(CC)(COC(=O)N)COC(=O)NC1=CC=CC=C1,2.89
42,22645-27-8,CCC1COC(OC1)C(C)C,2.3
378,1243-34-1,COC1=C(C=C(C=C1)CCN2CCN(CC2)C3=CC=CC=C3F)OC,3.66
207,78593-76-7,CCCNC(=O)C1=C(N=C(C=C1)C)NC2=CC=C(C=C2)C,3.01
283,21216-76-2,C1CCN(CC1)CC2COC(O2)(C3=CC=CC=C3)C4=CC=CC=C4,3.33
255,4196-18-3,CNCCCN1C(=O)CN=C(C2=C1C=CC(=C2)Cl)C3=CC=CC=C3F,3.2
361,64049-64-5,C[N+](C)(CCOCC[N+](C)(C)CC=C)CC=C,3.6
5,25457-63-0,CC(C)C(COC(=O)N)COC(=O)N,1.8
257,1420-03-7,CN1CCCC(C1)OC(=O)C(C2CCCCC2)(C3=CC=CC=C3)O,3.21
390,1248-48-2,COC1=C(C=C(C=C1)CCN2CCN(CC2)C3=CC=CC=C3[N+](=O)[O-])OC,3.69
101,78593-77-8,CCCNC(=O)C1=C(N=C(C=C1)C)NC2=CC=C(C=C2)OC,2.63
227,1047-65-0,COC1=CC(=C(C=C1)OC)CCN2CCN(CC2)C3=CC=CC=N3,3.13
372,60-25-3,C[N+](C)(C)CCCCCC[N+](C)(C)C,3.64
214,1047-70-7,COC1=C(C=C(C=C1)CCN2CCN(CC2)C3=CC=CC=N3)OC,3.04
172,25462-16-2,CCCC(C)(CO)COC(=O)NCC,2.86
99,59209-57-3,CCC1(C(=O)C2=CC=CC=C2C1=O)N(C)C(=O)CCl,2.6
293,63519-97-1,CC(C)(C)NCC(COC1CCCC1)O,3.36
216,4219-01-6,C[NH+](C)CCCN1C(=O)CN=C(C2=C1C=CC(=C2)[N+](=O)[O-])C3=CC=CC=C3,3.05
62,25648-70-8,CCC(=O)NC(=O)OCC(C)C(C(C)C)OC(=O)NC(=O)CC,2.37
48,82058-32-0,CC12C(NC(C(C1=O)C(N(C2C3=CC=CC=C3)C(=O)NC4CCCCC4)C5=CC=CC=C5)C6=CC=CC=C6)C7=CC=CC=C7,2.33
33,82058-34-2,C=CCNC(=S)N1C(C2C(NC(C(C1C3=CC=CC=C3)C2=O)C4=CC=CC=C4)C5=CC=CC=C5)C6=CC=CC=C6,2.26
268,68524-74-3,CC(C)(C)NCC(COC1=C2C=NSC2=CC=C1)O,3.26
201,63981-98-6,CC[N+](C)(C)CCOCC[N+](C)(C)C,2.98
388,67982-24-5,CCCC(C)NCC(COC1=C2C=NSC2=CC=C1)O,3.69
28,846-49-1,C1=CC=C(C(=C1)C2=NC(C(=O)NC3=C2C=C(C=C3)Cl)O)Cl,2.25
376,1049-80-5,COC1=C(C=C(C=C1)CCN2CCN(CC2)C3=CC=CC=C3N)OC,3.66
231,1061-21-8,C1COCCN1CCN2C(=O)CN=C(C3=C2C=CC(=C3)Cl)C4=CC=CC=C4,3.15
261,54521-97-0,CCC(=O)OC1(CC(N(CC1C)CCCN(CC)CC)C)C2=CC=CC=C2,3.23
289,1248-22-2,CCN(CC)CCCN1C(=O)CN=C(C2=C1C=CC(=C2)Cl)C3=CC=CC=C3,3.35
163,25648-97-9,CCCC(C)(CCN(C)C(=O)O)COC(=O)NCCC,2.84
370,72805-97-1,C1CCC(C1)OCC(CNCC2=CC=CC=C2)O,3.63
139,25462-35-5,CC1=CC=C(C=C1)C(COC(=O)N)COC(=O)N,2.78
63,22645-34-7,CCCCCCC1COC(OC1)C(C)C,2.38
136,2062-74-0,COC1=CC=CC=C1N2CCN(CC2)CCCCOC3=CC=C(C=C3)F,2.78
129,86343-58-0,C[N+]1(CCC(C(C1)C(=O)OC)O)C,2.74
9,5260-91-3,CCCOP1(=O)CC=CC1,2.03
327,5697-60-9,CC(C)(C)C1=CC=CC=C1C(C2=CC=CC=C2)OCC[NH+](C)C,3.48
65,25648-86-6,CCC(C)C(C)(COC(=O)NC(=O)CC)COC(=O)NC(=O)CC,2.39
301,2032-56-6,COC1=C(C=C(C=C1)OCCN2CCN(CC2)C3=CC=CC=C3OC)OC,3.4
15,17388-06-6,CCC1(COC(OC1)C(C)C)C(C)OC,2.16
157,25450-99-1,CCC(CO)(CO)C1CCCCC1,2.82
41,2612-27-3,CC(C)C(CO)CO,2.28
399,63446-17-3,CC[N+](C)(C)C(C)CCCCC1=CC=CO1,3.77
352,63446-21-9,CC(CCCCC1=CC=CO1)[NH+](C)C,3.57
217,58013-01-7,C1CN(CCN1CC(C2=CN=CC=C2)O)C3=CC(=CC=C3)Cl,3.06
280,58012-94-5,COC1=CC=CC=C1N2CCN(CC2)CC(C3=CN=CC=C3)O,3.33
377,62209-22-7,C[N+]1(CCCC1CC(=O)CC2CCC[N+]2(C)C)C,3.66
338,72805-99-3,C1CCC(CC1)OCC(CNC2CCCC2)O,3.52
237,58013-14-2,COC1=CC=CC=C1N2CCN(CC2)CC(=O)C3=CN=CC=C3,3.16
208,25642-68-6,CCC(CNC(=O)O)(COC(=O)NCC)C1=CC=CC=C1,3.02
213,64140-51-8,CCCN(CCC)CC(=O)N1CCC2=CC=CC=C21,3.04
296,72805-96-0,C1CCC(C1)NCC(COC2CCCC2)O,3.38
397,74038-16-7,CC1CN(C(CN1CCOCCOC(C2=CC=CC=C2)C3=CC=CC=C3C)C)C,3.74
252,58013-13-1,C1CN(CCN1CC(=O)C2=CN=CC=C2)C3=CC=CC=C3Cl,3.2
424,329-65-7,CNCC(C1=CC(=C(C=C1)O)O)O,4.37
398,26281-64-1,CC(C)OC(=O)C1CCCN=C(N1)N,3.75
304,63474-06-6,CC(C)(C)NCC(COCC1=CC=CC=C1)O,3.4
351,77246-52-7,CCOC(CN1CCN(CC1)C2=CC=CC=C2OC)C3=CC=NC=C3,3.56
270,56533-61-0,C1CCN(CC1)CC(=O)N2CCC3=CC=CC=C32,3.26
202,88556-34-7,CC1=CC=C(C=C1)N=C(C)C2=C(OC(=O)C2=O)C,2.98
162,40405-65-0,CCCCN1C=C(N=C1)C2=CC=C(C=C2)OCCC,2.84
44,22644-77-5,CC1OCC(CO1)(CCOC)C(C)C,2.31
218,58013-04-0,C1CN(CCN1CC(C2=CC=NC=C2)O)C3=CC=CC=C3,3.07
191,25649-05-2,CC(C)C(C(C)COC(=O)N1CCCCC1)OC(=O)N2CCCCC2,2.93
310,77246-49-2,CC1=CC=CC=C1N2CCN(CC2)CC(C3=CN=CC=C3)OC,3.42
260,4130-72-7,CN(C)CCCN1C(=O)CN=C(C2=C1C=CC(=C2)Cl)C3=CC=CC=C3F,3.23
106,25451-53-0,C1=CC=C(C=C1)C(CO)COC(=O)N,2.67
54,82058-42-2,CCNC(=S)N1C(C2C(NC(C(C1C3=CC=CC=C3Cl)C2=O)C4=CC=CC=C4Cl)C5=CC=CC=C5Cl)C6=CC=CC=C6Cl,2.35
2,51081-37-9,CC(C)OP1(=O)CCC=C1,1.71
419,63957-55-1,CCCCC[N+](C)(C)CCOCC[N+](CC)(CC)CCCCC,4.11
50,82058-41-1,CCNC(=O)N1C(C2C(NC(C(C1C3=CC=CC=C3Cl)C2=O)C4=CC=CC=C4Cl)C5=CC=CC=C5Cl)C6=CC=CC=C6Cl,2.34
81,25462-15-1,CCCC(C)(CO)COC(=O)NC,2.48
206,58013-12-0,C1CN(CCN1CC(=O)C2=CN=CC=C2)C3=CC=CC=C3,3.0
35,82058-30-8,CCCCNC(=O)N1C(C2C(NC(C(C1C3=CC=CC=C3)(C2=O)C)C4=CC=CC=C4)C5=CC=CC=C5)C6=CC=CC=C6,2.27
264,63977-67-3,CC[N+](C)(CC)CCOCC[N+](C)(C)C,3.24
367,58012-96-7,COC1=CC=C(C=C1)N2CCN(CC2)CC(C3=CN=CC=C3)O,3.63
92,25648-81-1,CCCC(C)(COC(=O)NCC(=O)O)COC(=O)NCC(=O)[O-].[NH4+],2.57
340,83-98-7,CC1=CC=CC=C1C(C2=CC=CC=C2)OCCN(C)C,3.53
53,25384-90-1,CCCC(C)(COC(=O)N)COC(=O)NCC1=CC=CC=C1,2.34
346,1033-68-7,C1CN(CCN1CCC2=CC=CC=C2)C3=CC=CC=C3,3.55
265,61925-95-9,CC(CC1=CC=CC=C1)N(C)C(=O)C(CC2=CC=CC=C2)N,3.24
242,1972-74-3,CC[NH+](CC)CCN1C(=O)C[NH2+]C(C2=C1C=CC(=C2)Cl)C3=CC=CC=C3F,3.18
14,17388-07-7,CCC1(COC(OC1)C(C)C)CCOC,2.13
316,77246-50-5,CCOC(CN1CCN(CC1)C2=CC=CC=C2C)C3=CN=CC=C3,3.44
89,25648-71-9,CC(C)C(C(C)COC(=O)NC(=O)C(C)Br)OC(=O)NC(=O)C(C)Br,2.54
274,64049-66-7,CCOC(=O)CC[N+](C)(C)CCOCC[N+](C)(C)CCC(=O)OCC,3.3
167,66669-76-9,C1CCN(CC1)CC2=CC=C(O2)OC3=CC=CC=C3,2.85
329,10140-09-7,CC1CN(C(CN1CCOCCOC(C2=CC=CC=C2)C3=CC=CC=C3)C)C,3.48
427,63957-51-7,CCCC[N+](C)(C)CCOCC[N+](CC)(CC)CCCC,4.43
135,25384-54-7,CCCCC(CC)(CO)COC(=O)NCCC,2.77
307,58013-07-3,CCOC(CN1CCN(CC1)C2=CC=CC=C2)C3=CN=CC=C3,3.41
417,64049-65-6,CCCC[N+](C)(C)CCOCC[N+](C)(C)CCCC,4.09
320,54522-01-9,CCC(=O)OC1(CC(N(CC1C)CCCN2CCCCC2)C)C3=CC=CC=C3,3.45
244,20135-60-8,CCCCCCCCOP1(=O)CC=CC1,3.19
55,82058-44-4,CCNC(=S)N1C(C2C(NC(C(C1C3=CC=C(C=C3)Cl)C2=O)C4=CC=C(C=C4)Cl)C5=CC=C(C=C5)Cl)C6=CC=C(C=C6)Cl,2.35
364,1110-46-9,C1CN(CCN1CCCN2C(=O)CN=C(C3=C2C=CC(=C3)Cl)C4=CC=CC=C4F)CCO,3.62
51,82058-43-3,CCNC(=O)N1C(C2C(NC(C(C1C3=CC=C(C=C3)Cl)C2=O)C4=CC=C(C=C4)Cl)C5=CC=C(C=C5)Cl)C6=CC=C(C=C6)Cl,2.34
175,25384-58-1,CCCNC(=O)OCC(CO)(C1=CC=CC=C1)C2=CC=CC=C2,2.87
190,7432-28-2,CC1CC2=CC(=C(C(=C2C3=C(C(=C(C=C3CC1(C)O)OC)OC)OC)OC)OC)OC,2.92
431,99614-02-5,CC1=NC=CN1CC2CCC3=C(C2=O)C4=CC=CC=C4N3C,4.77
188,25384-47-8,CCC(C)C(C)(CO)COC(=O)NC(C)C,2.92
170,25648-98-0,CCCC(C)(CN(CC)C(=O)O)COC(=O)N(CC)CC,2.86
59,19476-85-8,CCCC1(COC(OC1)C)C(C)OC(C)C,2.36
49,82058-40-0,CCNC(=S)N1C(C2C(NC(C(C1C3=CC=C(C=C3)OC)C2=O)C4=CC=C(C=C4)OC)C5=CC=C(C=C5)OC)C6=CC=C(C=C6)OC,2.34
345,1052-20-6,CC1=C(C=C(C=C1)N2CCN(CC2)CCC3=CC(=C(C=C3)OC)OC)C,3.55
236,4191-05-3,C[NH2+]CCCN1C(=O)C[NH2+]C(C2=C1C=CC(=C2)Cl)C3=CC=CC=C3F,3.16
253,82380-45-8,CC1=C(C=C(C=C1)C2(C3CCN(C2=C)CC3)O)C,3.2
22,25451-37-0,CCC(COC(=O)N)(COC(=O)N)OCC,2.22
314,2239-02-3,COC1=C(C=C(C=C1)OCCCCN2CCN(CC2)C3=CC=CC=C3Cl)OC,3.43
161,88556-35-8,CC1=C(C(=O)C(=O)O1)C(=NC2=CC=C(C=C2)F)C,2.84
277,34947-51-8,CC1C(=O)C2=C(C1=O)NC3=C(C2C4=CC(=C(C(=C4)OC)OC)OC)C(=O)CC(C3)(C)C,3.31
192,68450-79-3,C1CCC(CC1)C2(OCC(CO2)N3CCOCC3)C4=CC=CC=C4,2.93
386,63446-18-4,CC(CCCCC1=CC=CO1)[N+](C)(C)CC2=CC=CC=C2,3.69
294,54521-95-8,CCC(=O)OC1(CC(N(CC1C)CCCN(C)C)C)C2=CC=CC=C2,3.37
344,101975-81-9,C1CCC(CC1)N2CCN(CC2)CC34CC5CC(C3)CC(C5)C4,3.55
258,64049-90-7,CC(C[N+](C)(C)C)OCC[N+](C)(C)C,3.22
309,1061-20-7,C1CCN(CC1)CCN2C(=O)CN=C(C3=C2C=CC(=C3)Cl)C4=CC=CC=C4,3.42
150,25384-62-7,CCCC(C)C(CNC(=O)O)COC(=O)NCC#C,2.81
131,25648-93-5,CCCCN(CC(C)(CCC)COC(=O)NCCC(C)C)C(=O)O,2.74
152,25451-41-6,CCC(COC(=O)N)(COC(=O)N)C1=CSC=C1,2.81
360,82380-40-3,CC1=CC=CC=C1C2(C3CC[N+](C2=C)(CC3)C)O,3.6
100,25451-16-5,C1=CC=C(C=C1)OC(COC(=O)N)COC(=O)N,2.61
373,1064-65-9,CCOCCN1CCN(CC1)CCCN2C(=O)CN=C(C3=C2C=CC(=C3)Cl)C4=CC=CC=C4F,3.65
88,20915-57-5,CCC1(C(=O)C2=CC=CC=C2C1=O)NC,2.53
331,63474-03-3,CC(C)(C)NCC(COC1CCCCC1)O,3.49
215,64140-55-2,CC(C)N(CC(=O)N1CCC2=CC=CC=C21)C(C)C,3.05
122,25642-69-7,CNC(=O)OCC(COC(=O)N)(C1=CC=CC=C1)C2=CC=CC=C2,2.72
433,41040-74-8,CC1(OCC(O1)C[N+]2(CCCCC2)C)CCC3OCC(O3)C[N+]4(CCCCC4)C,5.21
21,22644-64-0,CC1OCC(CO1)(CC=C)[C@@H](C)OC,2.22
189,40405-63-8,CCCCN1C=C(N=C1)C2=CC=C(C=C2)OC,2.92
72,33624-74-7,CCCCN1C=C(N=C1)C2=CC=C(C=C2)OCC3=CC=CC=C3,2.43
107,25462-37-7,CC(CC=C)(CO)CO,2.67
271,63474-11-3,CC(C)NCC(COC1CCCC1)O,3.3
349,1243-33-0,COC1=C(C=C(C=C1)CCN2CCN(CC2)C3=CC=CC=C3Cl)OC,3.56
103,25451-04-1,CCC(CO)(CO)C1=CC=C(C=C1)N,2.65
